{
  "model_name": "/root/GraduationProject/models/Qwen3-4B",
  "hparams": "/root/GraduationProject/src/memit_project/algorithms/memit/Qwen3-4B.json",
  "dataset": "knowns",
  "dataset_size_limit": 200,
  "samples": 12,
  "noise": 0.11212511919438839,
  "fact_token": "subject_last",
  "rewrite_module_tmp": "model.layers.{}.mlp.down_proj",
  "num_layers": 36,
  "n_facts_used": 113,
  "n_facts_skipped_for_weak_corruption": 0,
  "token_match_stats": {
    "token_subsequence": 113
  },
  "layer_scores": [
    0.15348886699626155,
    0.02923105231963415,
    0.01354901136872886,
    0.03401397891959477,
    0.011880321455729185,
    0.020951381981162368,
    0.016112193331286755,
    0.06088805082547279,
    0.07795507030326777,
    0.032682256757998164,
    0.05157024784902854,
    0.020356864013983123,
    0.01824055769998964,
    0.005547882187215503,
    -0.000332574523710574,
    0.0003768840701826716,
    -0.00028640660548677076,
    0.0022233411932055798,
    0.0015475008046460202,
    0.00047538241809259895,
    0.003673309936547339,
    0.0037510961675703684,
    0.009784186747355383,
    0.01536568820432516,
    0.0017837115321040335,
    0.0008230134309401024,
    0.0011553796697340115,
    0.0009187201363030093,
    0.0022058047586212323,
    0.0013922260306849787,
    0.0010741258614550065,
    3.1465138094956265e-05,
    0.0001432879903256983,
    3.9819548527303304e-05,
    -0.00012250512250506617,
    0.0
  ],
  "layer_score_std": [
    0.37580038047072883,
    0.10993781719534612,
    0.08285181975247964,
    0.2072047528055365,
    0.10026714933483716,
    0.10670533737145266,
    0.07599264302991288,
    0.15902941484104477,
    0.17098161112177376,
    0.07800099002580976,
    0.13234991028835347,
    0.10331333511636173,
    0.06815276000257631,
    0.03827136222918204,
    0.015607954969271956,
    0.014643193252590742,
    0.007594129190931356,
    0.008592843847978785,
    0.012119215818315019,
    0.0065978708974836955,
    0.01762324027061946,
    0.013568079090705799,
    0.041720379351610735,
    0.045681412494281856,
    0.007609391362311858,
    0.002544377529605576,
    0.005864135124908872,
    0.002706311325333425,
    0.008630847403938735,
    0.0033234543122932112,
    0.002612388974558232,
    0.0019441460095347219,
    0.0011764965869538956,
    0.0006234071595277583,
    0.0011522075702429663,
    0.0
  ],
  "layer_scores_smoothed": [
    0.11206959543738575,
    0.06542297689487485,
    0.02559801420265259,
    0.019814437248017604,
    0.022281894118828773,
    0.016314632256059433,
    0.03265054204597397,
    0.051651771486675775,
    0.05717512596224624,
    0.054069191636764824,
    0.03486978954033661,
    0.030055889854333766,
    0.014715101300396088,
    0.007818621787831522,
    0.0018640639112292002,
    -8.069901967155773e-05,
    0.0007712728859671601,
    0.0011614784641216097,
    0.001415408138648066,
    0.0018987310530953192,
    0.0026332628407367683,
    0.005736197617157697,
    0.009633657039750302,
    0.008977862161261525,
    0.005990804389123098,
    0.0012540348775927157,
    0.0009657044123257076,
    0.0014266348548860842,
    0.00150558364186974,
    0.001557385550253739,
    0.0008326056767449804,
    0.0004162929966252203,
    7.152422564931929e-05,
    2.0200805449311803e-05,
    -2.756185799258762e-05,
    -4.0835040835022055e-05
  ],
  "recommendations": [
    {
      "width": 4,
      "start_layer": 0,
      "end_layer": 3,
      "mean_score": 0.055726255945732696
    },
    {
      "width": 5,
      "start_layer": 0,
      "end_layer": 4,
      "mean_score": 0.04903738358035191
    },
    {
      "width": 6,
      "start_layer": 0,
      "end_layer": 5,
      "mean_score": 0.04358359169296983
    },
    {
      "width": 7,
      "start_layer": 0,
      "end_layer": 6,
      "mean_score": 0.04202172745768471
    },
    {
      "width": 8,
      "start_layer": 0,
      "end_layer": 7,
      "mean_score": 0.04322548296130859
    }
  ],
  "facts_used": [
    {
      "case_id": 0,
      "prompt": "Vinson Massif is located in the continent of",
      "subject": "Vinson Massif",
      "answer": " Antarctica",
      "high_score": 0.3863191306591034,
      "low_score": 0.04008955880999565,
      "subject_range": [
        0,
        4
      ],
      "match_strategy": "token_subsequence"
    },
    {
      "case_id": 1,
      "prompt": "Beats Music is owned by",
      "subject": "Beats Music",
      "answer": " Apple",
      "high_score": 0.4072473645210266,
      "low_score": 0.0008515701629221439,
      "subject_range": [
        0,
        3
      ],
      "match_strategy": "token_subsequence"
    },
    {
      "case_id": 4,
      "prompt": "MacApp, a product created by",
      "subject": "MacApp",
      "answer": " Apple",
      "high_score": 0.7737534046173096,
      "low_score": 0.002207659650593996,
      "subject_range": [
        0,
        2
      ],
      "match_strategy": "token_subsequence"
    },
    {
      "case_id": 5,
      "prompt": "Giuseppe Angeli, who has a citizenship of",
      "subject": "Giuseppe Angeli",
      "answer": " Italy",
      "high_score": 0.7684344053268433,
      "low_score": 0.007883308455348015,
      "subject_range": [
        0,
        4
      ],
      "match_strategy": "token_subsequence"
    },
    {
      "case_id": 6,
      "prompt": "Catalonia belongs to the continent of",
      "subject": "Catalonia",
      "answer": " Europe",
      "high_score": 0.6659234166145325,
      "low_score": 0.06170538067817688,
      "subject_range": [
        0,
        3
      ],
      "match_strategy": "token_subsequence"
    },
    {
      "case_id": 7,
      "prompt": "In Marshall Islands, the language spoken is a mixture of",
      "subject": "Marshall Islands",
      "answer": " English",
      "high_score": 0.5276616215705872,
      "low_score": 0.2378583401441574,
      "subject_range": [
        1,
        3
      ],
      "match_strategy": "token_subsequence"
    },
    {
      "case_id": 8,
      "prompt": "Leslie Moonves is employed by",
      "subject": "Leslie Moonves",
      "answer": " CBS",
      "high_score": 0.6210118532180786,
      "low_score": 3.35851036652457e-05,
      "subject_range": [
        0,
        4
      ],
      "match_strategy": "token_subsequence"
    },
    {
      "case_id": 10,
      "prompt": "Kirkpatrick Glacier belongs to the continent of",
      "subject": "Kirkpatrick Glacier",
      "answer": " Antarctica",
      "high_score": 0.3356418311595917,
      "low_score": 0.025923065841197968,
      "subject_range": [
        0,
        4
      ],
      "match_strategy": "token_subsequence"
    },
    {
      "case_id": 12,
      "prompt": "Il Gazzettino was written in the early 1980s, when the",
      "subject": "Il Gazzettino",
      "answer": " Italian",
      "high_score": 0.08571053296327591,
      "low_score": 0.0003934981650672853,
      "subject_range": [
        0,
        5
      ],
      "match_strategy": "token_subsequence"
    },
    {
      "case_id": 18,
      "prompt": "Tizen is developed by a consortium of companies including",
      "subject": "Tizen",
      "answer": " Samsung",
      "high_score": 0.9404009580612183,
      "low_score": 0.022205650806427002,
      "subject_range": [
        0,
        2
      ],
      "match_strategy": "token_subsequence"
    },
    {
      "case_id": 19,
      "prompt": "Honus Wagner professionally plays the sport of",
      "subject": "Honus Wagner",
      "answer": " baseball",
      "high_score": 0.952548623085022,
      "low_score": 0.06449595093727112,
      "subject_range": [
        0,
        3
      ],
      "match_strategy": "token_subsequence"
    },
    {
      "case_id": 20,
      "prompt": "samurai cinema, that originated in",
      "subject": "samurai cinema",
      "answer": " Japan",
      "high_score": 0.4694804847240448,
      "low_score": 0.013620520010590553,
      "subject_range": [
        0,
        3
      ],